<?xml version="1.0" encoding="UTF-8" standalone="yes"?>
<addon id="service.subtitles.titrariro"
       name="Titrari.ro"
       version="1.3.1"
       provider-name="Sarsailă">
  <extension point="xbmc.subtitle.module"
             library="service.py" />
  <extension point="xbmc.addon.metadata">
    <summary lang="en">Titrari.ro</summary>
    <description lang="en">Cauta si descarca subtitrari de pe titrari.ro</description>
    <disclaimer lang="en"></disclaimer>
    <platform>all</platform>
    <license>GNU GENERAL PUBLIC LICENSE. Version 2, June 1991</license>
    <website></website>
    <email></email>
    <source>https://github.com/xngsrs/myhobby</source>
    <assets>
        <icon>icon.png</icon>
    </assets>
    <news>
      1.3.1
      - python 3.11 compatibil
      
    1.3.0
    - fix 
    </news>
  </extension>
</addon>
