<?xml version="1.0" encoding="UTF-8" standalone="yes"?>
<addon id="plugin.audio.romaniaradio"
       name="Romania Radio"
       version="1.0.0"
       provider-name="Sarsailă">
    <requires>
        <import addon="xbmc.python" version="2.1.0"/>
    </requires>
    <extension point="xbmc.python.pluginsource" library="default.py">
        <provides>audio</provides>
    </extension>
    <extension point="xbmc.addon.metadata">
        <platform>all</platform>
        <summary>Posturi Radio Romania</summary>
        <description>Posturi de radio romanesti colectate de pe romaniaradio.ro</description>
    </extension>
</addon>
