<?xml version="1.0" encoding="UTF-8" standalone="yes"?>
<addon id="plugin.video.tvmaniabgcom"
       name="TVManiaBG.com"
       version="1.0.1"
       provider-name="Sarsailă">
  <requires>
    <import addon="xbmc.python" version="2.1.0"/>
  </requires>
  <extension point="xbmc.python.pluginsource"
            library="default.py">
        <provides>video</provides>
  </extension>
  <extension point="xbmc.addon.metadata">
    <summary>Live video from TvManiaBG.com</summary>
    <description>Watch live streaming video from TvManiaBG.com</description>
    <platform>all</platform>
  </extension>
</addon>
