<?xml version="1.0" encoding="UTF-8" standalone="yes"?>
<addon id="plugin.video.rofilmedocumentare"
       name="FilmeDocumentare.com"
       version="1.0.7"
       provider-name="Sarsailă">
  <requires>
    <!--     <import addon="xbmc.python" version="2.1.0"/> -->
    <import addon="script.module.resolveurl" version="5.0.06"/>
  </requires>
  <extension point="xbmc.python.pluginsource"
            library="default.py">
        <provides>video</provides>
  </extension>
  <extension point="xbmc.addon.metadata">
    <summary>FilmeDocumentare.com</summary>
    <description>Urmărește documentare traduse in limba Română culese de pe FilmeDocumentare.com</description>
    <platform>all</platform>
    <news>Fix hanging on link retrieve</news>
  </extension>
</addon>
