<?xml version="1.0" encoding="UTF-8" standalone="yes"?>
<addon id="plugin.program.indigostripped" version="2.0.9" name="Indigo Stripped" provider-name="TVA">
    <requires>
        <import addon="xbmc.python" version="2.1.0"/>
    </requires>
    <extension point="xbmc.python.pluginsource" library="default.py">
        <provides>video executable </provides>
    </extension>
    <extension point="xbmc.service" library="service.py" start="startup"/>
    <extension point="xbmc.addon.metadata">
        <summary lang="en">Indigo Maintenance</summary>
        <description lang="en">Indigo Stripped down, for Maintenance and Info only.</description>
        <disclaimer lang="en">This is a striped down version of Indigo, for maintenance only. Thank you TVAddons team for all your work</disclaimer>
        <language>en</language>
        <platform>all</platform>
    </extension>
</addon>
