<?xml version="1.0" encoding="UTF-8" standalone="yes"?>
<addon id="script.module.torrent2http" name="torrent2http" version="0.5.6" provider-name="anteo,DiMartino,-=Vd=-">
    <requires>
        <!-- <import addon="xbmc.python" version="2.14.0"/> -->
		<import addon="script.module.requests" optional="false"/>
    </requires>
    <extension point="xbmc.python.module" library="lib"/>
	<extension point="xbmc.python.script" library="main.py">
		<provides>executable</provides>
	</extension>
	<extension point="xbmc.service" library="service.py" name="torrent2http.service" />
    <extension point="xbmc.addon.metadata">
        <platform>all</platform>
        <language>en</language>
        <summary lang="en">Downloads torrents and share it over HTTP</summary>
        <summary lang="ru">Загружает торренты и раздает их по HTTP</summary>
        <description lang="ru">Обеспечивает последовательную (sequential) загрузку торрентов для потокового онлайн просмотра через HTTP. Основан на библиотеке LibTorrent.</description>
        <description lang="en">Provides sequential torrent downloading for online streaming video and other media over HTTP.</description>
        <email>anteo@academ.org</email>
    </extension>
</addon>
