<?xml version="1.0" encoding="UTF-8"?>
<window>
    <defaultcontrol>99</defaultcontrol>
    <controls>
        <control type="image">
			<left>0</left>
			<top>0</top>
			<width>1920</width>
			<height>1080</height>
			<texture>common/black.png</texture>
		</control>
        <control type="image">
            <left>0</left>
            <top>0</top>
            <width>1920</width>
            <height>1080</height>
            <texture>$INFO[Window().Property(mrsp.backdrop)]</texture>
        </control>
        <control type="image">
            <left>0</left>
            <top>0</top>
            <width>1920</width>
            <height>1080</height>
            <texture>common/ContentPanel.png</texture>
        </control>
        <control type="group" id="1">
            <left>0</left>
            <top>0</top>
            <height>1080</height>
            <width>1920</width>
            <control type="image">
                <aspectratio align="center" aligny="top">keep</aspectratio>
                <width>350</width>
                <left>50</left>
                <top>110</top>
                <height>600</height>
                <texture background="true">$INFO[Window().Property(mrsp.fanart)]</texture>
            </control>
            <control type="label">
                <description>Title name</description>
                <left>490</left>
                <top>15</top>
                <width>1030</width>
                <height>30</height>
                <font>font13</font>
                <textcolor>white</textcolor>
                <align>left</align>
                <aligny>center</aligny>
                <label>[COLOR yellow][B]Titlu:[/B][/COLOR]</label>
            </control>
            <control type="label">
                <description>Title name</description>
                <left>700</left>
                <top>15</top>
                <width>1030</width>
                <height>30</height>
                <font>font13</font>
                <textcolor>white</textcolor>
                <scroll>true</scroll>
                <align>left</align>
                <aligny>center</aligny>
                <label>$INFO[Window().Property(mrsp.title)]</label>
            </control>
            <control type="label">
                <description>Site Title</description>
                <left>490</left>
                <top>45</top>
                <width>1030</width>
                <height>30</height>
                <font>font13</font>
                <textcolor>white</textcolor>
                <align>left</align>
                <aligny>center</aligny>
                <label>[COLOR yellow][B]Titlul pe site:[/B][/COLOR]</label>
            </control>
            <control type="label">
                <description>Site Title</description>
                <left>700</left>
                <top>45</top>
                <width>1030</width>
                <height>30</height>
                <font>font13</font>
                <textcolor>white</textcolor>
                <scroll>true</scroll>
                <align>left</align>
                <aligny>center</aligny>
                <label>$INFO[Window().Property(mrsp.titlu_site)]</label>
            </control>
            <control type="label">
                <description>Original Title</description>
                <left>490</left>
                <top>75</top>
                <width>1030</width>
                <height>30</height>
                <font>font13</font>
                <textcolor>white</textcolor>
                <align>left</align>
                <aligny>center</aligny>
                <label>[COLOR yellow][B]Titlul Original:[/B][/COLOR]</label>
                <visible>!String.IsEmpty(Window().Property(mrsp.original_title))</visible>
            </control>
            <control type="label">
                <description>Original Title</description>
                <left>700</left>
                <top>75</top>
                <width>1030</width>
                <height>30</height>
                <font>font13</font>
                <textcolor>white</textcolor>
                <scroll>true</scroll>
                <align>left</align>
                <aligny>center</aligny>
                <label>$INFO[Window().Property(mrsp.original_title)]</label>
                <visible>!String.IsEmpty(Window().Property(mrsp.original_title))</visible>
            </control>
            <control type="list" id="2000">
                <description>Source Select List</description>
                <viewtype>list</viewtype>
                <left>300</left>
                <top>90</top>
                <width>1200</width>
                <height>700</height>
                <onleft>61</onleft>
                <onright>99</onright>
                <onup>2000</onup>
                <ondown>2000</ondown>
                <scrolltime tween="sine">400</scrolltime>
                <orientation>Vertical</orientation>
                <itemlayout height="50" width="1030">
                    <control type="label">
                        <description>Property</description>
                        <left>110</left>
                        <top>15</top>
                        <width>900</width>
                        <height>25</height>
                        <font>font13</font>
                        <textcolor>white</textcolor>
                        <align>left</align>
                        <aligny>top</aligny>
                        <label>[COLOR yellow]$INFO[ListItem.Property(mrsp.propname)]:[/COLOR] $INFO[ListItem.Property(mrsp.propvalue)]</label>
                    </control>
                </itemlayout>
                <focusedlayout height="50" width="1030">
                    <control type="label">
                        <description>Property</description>
                        <left>110</left>
                        <top>15</top>
                        <width>900</width>
                        <height>25</height>
                        <font>font13</font>
                        <scroll>true</scroll>
                        <textcolor>white</textcolor>
                        <align>left</align>
                        <aligny>top</aligny>
                        <label>$INFO[ListItem.Property(mrsp.propname)]: $INFO[ListItem.Property(mrsp.propvalue)]</label>
                    </control>
                </focusedlayout>
            </control>
            <control type="label">
                <description>More Like This</description>
                <left>1400</left>
                <top>460</top>
                <width>400</width>
                <height>20</height>
                <font>font13</font>
                <textcolor>yellow</textcolor>
                <align>center</align>
                <aligny>top</aligny>
                <label>More Like This:</label>
                <visible>!String.IsEmpty(Window().Property(mrsp.morelikethis))</visible>
            </control>
            <control type="list" id="2001">
                <description>More Like this List</description>
                <viewtype>icon</viewtype>
                <left>1400</left>
                <top>500</top>
                <width>400</width>
                <height>300</height>
                <onleft>2001</onleft>
                <onright>2001</onright>
                <onup>2000</onup>
                <ondown>99</ondown>
                <scrolltime tween="sine">400</scrolltime>
                <orientation>Horizontal</orientation>
                <visible>!String.IsEmpty(Window().Property(mrsp.morelikethis))</visible>
                <itemlayout height="50" width="180">
                    <control type="image">
                        <aspectratio align="center" aligny="top">keep</aspectratio>
                        <left>5</left>
                        <top>3</top>
                        <width>180</width>
                        <height>200</height>
                        <texture>$INFO[ListItem.Property(mrsp.mlticon)]</texture>
                    </control>
                    <control type="label">
                        <description>Property</description>
                        <left>5</left>
                        <top>210</top>
                        <width>180</width>
                        <height>5</height>
                        <font>font13</font>
                        <textcolor>white</textcolor>
                        <align>left</align>
                        <aligny>top</aligny>
                        <label>[COLOR yellow]$INFO[ListItem.Property(mrsp.mlttitle)][/COLOR]</label>
                    </control>
                </itemlayout>
                <focusedlayout height="50" width="180">
                    <control type="image">
                        <aspectratio align="center" aligny="top">keep</aspectratio>
                        <left>5</left>
                        <top>3</top>
                        <width>180</width>
                        <height>200</height>
                        <texture>$INFO[ListItem.Property(mrsp.mlticon)]</texture>
                        <bordertexture border="15">black.png</bordertexture>
                        <bordersize>15</bordersize>
                    </control>
                    <control type="label">
                        <description>Property</description>
                        <left>5</left>
                        <top>210</top>
                        <width>180</width>
                        <height>5</height>
                        <font>font13</font>
                        <scroll>true</scroll>
                        <textcolor>white</textcolor>
                        <align>left</align>
                        <aligny>top</aligny>
                        <label>$INFO[ListItem.Property(mrsp.mlttitle)]</label>
                    </control>
                </focusedlayout>
            </control>
            <control type="textbox" id="2">
                <description>Tagline</description>
                <left>1400</left>
                <top>110</top>
                <width>400</width>
                <height>400</height>
                <textcolor>white</textcolor>
                <align>left</align>
                <label>[COLOR yellow]Tagline:[/COLOR] $INFO[Window().Property(mrsp.tagline)]</label>
                <autoscroll time="2000" delay="5500" repeat="5000"></autoscroll>
                <visible>!String.IsEmpty(Window().Property(mrsp.tagline))</visible>
            </control>
            <control type="spincontrol" id="61">
                <description>Next page button</description>
                <right>100</right>
                <top>770</top>
                <subtype>page</subtype>
                <font/>
                <onleft>61</onleft>
                <onright>61</onright>
                <ondown>99</ondown>
                <onup>2001</onup>
                <textcolor/>
                <showonepage>true</showonepage>
                <visible>!String.IsEmpty(Window().Property(mrsp.plot))</visible>
            </control>
            <control type="textbox" id="3">
                <description>Plot</description>
                <left>50</left>
                <top>800</top>
                <width>1850</width>
                <height>200</height>
                <textcolor>white</textcolor>
                <pagecontrol>61</pagecontrol>
                <align>left</align>
                <label>$INFO[Window().Property(mrsp.plot)]</label>
                <autoscroll time="2000" delay="5500" repeat="5000">!Control.HasFocus(61)</autoscroll>
                <visible>true</visible>
            </control>
            <control type="button" id="99">
                <left>130</left>
                <top>770</top>
                <width>400</width>
                <height>30</height>
                <font>font13_title</font>
                <textcolor>gray</textcolor>
                <shadowcolor>black</shadowcolor>
                <scroll>true</scroll>
                <align>left</align>
                <aligny>center</aligny>
                <texturefocus />
                <texturenofocus />
                <focusedcolor>FFFFFFFF</focusedcolor>
                <onleft>61</onleft>
                <onright>100</onright>
                <onup>2000</onup>
                <label>[COLOR=yellow]$INFO[Window().Property(mrsp.castplot)][/COLOR]$INFO[Container(3).CurrentPage, ( Page ]$INFO[Container(3).NumPages,/, )]</label>
                <visible>Control.IsVisible(3)</visible>
            </control>
            <control type="button" id="100">
                <left>400</left>
                <top>770</top>
                <width>400</width>
                <height>30</height>
                <font>font13_title</font>
                <textcolor>$INFO[Window().Property(mrsp.trailercolor)]</textcolor>
                <shadowcolor>black</shadowcolor>
                <scroll>true</scroll>
                <align>left</align>
                <aligny>center</aligny>
                <texturefocus />
                <texturenofocus />
                <focusedcolor>white</focusedcolor>
                <disabledcolor>gray</disabledcolor>
                <onleft>99</onleft>
                <onright>61</onright>
                <onup>2000</onup>
                <label>Trailer</label>
            </control>
        </control>
    </controls>
</window>
