<?xml version="1.0" encoding="UTF-8" standalone="yes"?>
<addon id="plugin.video.romanianpack"
       name="Movies RO Sites Pack"
       version="1.1.65"
       provider-name="Sarsailă">
  <requires>
      <!-- <import addon="xbmc.python" version="2.1.0"/> -->
    <import addon="script.module.resolveurl" version="5.0.06"/>
    <import addon="plugin.video.elementum" optional="true" />
    <import addon="script.module.torrent2http" />
    <import addon="plugin.video.torrenter" optional="true" />
    <import addon="repository.sarsaila" version="1.1.0" />
  </requires>
  <extension point="xbmc.python.pluginsource"
            library="default.py">
        <provides>video</provides>
  </extension>
  <extension point="kodi.context.item">
    <menu id="kodi.core.main">
        <item library="resources/lib/context.py">
            <label>Play with MRSP</label>
            <visible>!String.StartsWith(ListItem.path,plugin://plugin.video.romanianpack/)+[String.IsEqual(ListItem.dbtype,episode)|String.IsEqual(ListItem.dbtype,movie)]</visible>
        </item>
    </menu>
</extension>
  <extension point="xbmc.service" name="mrsp.service" library="service.py" />
  <extension point="xbmc.addon.metadata">
    <summary>Site-uri cu filme subtitrate in limba romana</summary>
    <description>Colectie de site-uri cu filme si seriale traduse in limba romana</description>
    <platform>all</platform>
    <disclaimer lang="en">The author of this addon do not host any of the content which is found and have no affiliation with any of the content providers. This addon simply searches websites for content. Use at your own risk!</disclaimer>
    <disclaimer lang="ro">Autorul acestui supliment nu găzduiește conținutul găsit și nu are nicio legătură cu furnizorii de conținut. Acest supliment doar caută conținutul furnizat de site-uri web. Folosiți-l pe propria răspundere! </disclaimer>
    <news>
        1.1.65
        [reparat] Reparat Clicksud
        [adaugat] Adaugat din nou Datascene
        1.1.64
        [reparat] FsOnline nu are rezultate la căutări
        [reparat] FsOnline nu merge sortarea după ani
        [reparat] Eztv numele include taguri de imagine
        1.1.63
        [adăugat] Poziție fereastră info la pauză MRSP Torrent Player (Sus și Mijloc)
        [adăugat] Opțiune de stop și stop cu forțare ștergere fisiere descărcate la meniul contextual din Intern Torrent
        1.1.62a
        [reparat] FSGratis nu mai mergea
        [reparat] Setările autosub nu respectau vizibilitatea la selecție
        [reparat] Search MRSP din IMDb Browser nu funcționa
        1.1.61
        [reparat] Cinemagia Anumite texte din țări și genuri nu erau afișate corect
        [reparat] Paginare Clicksud
        [reparat] Fsonline regex
        [nou] Fsonline descrierea filmelor de pe site
        [reparat] fetchData adăuga alt User-Agent, chiar dacă era specificat
        1.1.60
        [nou] Adăugat ani în meniul Imdb după afișarea filmelor
    </news>
    <assets>
        <icon>icon.png</icon>
    </assets>
  </extension>
</addon>
