<?xml version="1.0" encoding="UTF-8" standalone="yes"?>
<addon id="service.subtitles.subtitrarinoiro"
       name="Subtitrari-noi.ro"
       version="1.1.0"
       provider-name="Sarsailă">
  <requires>
    <import addon="xbmc.python" version="2.1.0"/>
  </requires>
  <extension point="xbmc.subtitle.module"
             library="service.py" />
  <extension point="xbmc.addon.metadata">
    <summary lang="en">Subtitrari-noi.ro</summary>
    <description lang="en">Cauta si descarca subtitrari de pe subtitrari-noi.ro</description>
    <disclaimer lang="en"></disclaimer>
    <platform>all</platform>
    <license>GNU GENERAL PUBLIC LICENSE. Version 2, June 1991</license>
    <website></website>
    <email></email>
    <source>https://github.com/xngsrs/myhobby</source>    
  </extension>
</addon>
