<?xml version="1.0" encoding="UTF-8" standalone="yes"?>
<addon id="service.cinemagia"
       name="Cinemagia service"
       version="1.0.0"
       provider-name="sarsailă, moromete">
  <requires>
    <import addon="xbmc.python" version="3.0.0"/>
    <import addon="script.module.beautifulsoup4"/>
  </requires>
  <extension point="xbmc.python.script" library="default.py" />
  <extension point="xbmc.python.library" library="default.py" />
  <extension point="xbmc.service" name="cinemagia.service" library="service.py" start="login" />
  <extension point="xbmc.addon.metadata">
    <platform>all</platform>
    <summary lang="en"></summary>
    <assets>
        <icon>icon.png</icon>
    </assets>
  </extension>
</addon>
