<?xml version="1.0" encoding="UTF-8" standalone="yes"?>
<addon id="service.subtitles.addic7ed"
       name="Addic7ed.com"
       version="3.0.4"
       provider-name="Sarsailă">
    <extension point="xbmc.subtitle.module"
               library="service.py"/>
    <extension point="xbmc.addon.metadata">
        <summary lang="en">Get subtitles from Addic7ed.com</summary>
        <description lang="en">Cautare subtitrari de pe cel mai bun site addic7ed.com</description>
        <disclaimer lang="en"/>
        <platform>all</platform>
        <language/>
        <license>GNU GENERAL PUBLIC LICENSE. Version 2, June 1991</license>
        <website/>
        <email/>
        <source>https://github.com/xngsrs/myhobby</source>
    </extension>
</addon>
