<?xml version='1.0' encoding='UTF-8' standalone='yes'?>
<addon id='torrenter.searcher.FileListRO' version='1.0.6'
     name='Torrenter Searcher: FileListRO' provider-name='Sarsailă'>
  <requires>
    <import addon='xbmc.python' version='2.1.0'/>
  </requires>
  <extension point="xbmc.python.script" library="__init__.py">
    <provides>executable</provides>
  </extension>
      <extension point="xbmc.addon.metadata">
        <platform>all</platform>
        <summary lang='en'>Torrenter v2 Searcher module for FileList.RO.
        </summary>
        <description lang='en'>Torrenter v2 Searcher module for FileList.RO.
        </description>
        <disclaimer lang='en'>GNU GPLv3 http://www.gnu.org/licenses/</disclaimer>
    </extension>
  <extension point='xbmc.python.module'/>
</addon>
