<?xml version="1.0" encoding="UTF-8" standalone="yes"?>
<addon id="plugin.video.filmeonlinebiz"
       name="FilmeOnline.biz"
       version="1.0.4"
       provider-name="Sarsailă">
  <requires>
    <import addon="xbmc.python" version="2.1.0"/>
    <import addon="script.module.urlresolver" version="3.0.0"/>
    <import addon="script.mrknow.urlresolver" version="2016.04.06.1"/>
  </requires>
  <extension point="xbmc.python.pluginsource"
            library="default.py">
        <provides>video</provides>
  </extension>
  <extension point="xbmc.addon.metadata">
    <summary>Filme subtitrate de pe FilmeOnline.biz</summary>
    <description>Vizioneaza filmele subtitrate disponibile pe FilmeOnline.biz</description>
    <platform>all</platform>
    <news>Fixed genuri</news>
  </extension>
</addon>
