<?xml version="1.0" encoding="UTF-8" standalone="yes"?>
<addon id="plugin.video.serialeonlinero"
       name="SerialeOnline.ro"
       version="1.0.0"
       provider-name="Sarsailă">
  <requires>
    <import addon="xbmc.python" version="2.1.0"/>
    <import addon="script.module.urlresolver" version="3.0.0"/>
  </requires>
  <extension point="xbmc.python.pluginsource"
            library="default.py">
        <provides>video</provides>
  </extension>
  <extension point="xbmc.addon.metadata">
    <summary>Seriale subtitrate de pe Filme-Seriale.online</summary>
    <description>Vizioneaza serialele subtitrate disponibile pe serialeonline.ro</description>
    <platform>all</platform>
    <news>Initial version</news>
  </extension>
</addon>
