<?xml version="1.0" encoding="UTF-8" standalone="yes"?>
<addon id="plugin.video.triluliluro"
       name="trilulilu.ro"
       version="2.0.9"
       provider-name="Sarsailă">
  <requires>
    <import addon="xbmc.python" version="2.1.0"/>
  </requires>
  <extension point="xbmc.python.pluginsource"
            library="default.py">
        <provides>video</provides>
  </extension>
  <extension point="xbmc.addon.metadata">
    <summary>Filme online de la trilulilu.ro</summary>
    <description>Urmareste videoclipuri de pe trilulilu.ro</description>
    <platform>all</platform>
  </extension>
</addon>
