<?xml version="1.0" encoding="UTF-8" standalone="yes"?>
<addon id="service.subtitles.regielive"
       name="Regielive"
       version="1.3.5"
       provider-name="Sarsailă">
  <extension point="xbmc.subtitle.module"
             library="service.py" />
  <extension point="xbmc.addon.metadata">
    <summary lang="en">Regielive</summary>
    <description lang="en">Cauta si descarca subtitrari de pe subtitrari.regielive.ro</description>
    <disclaimer lang="en"></disclaimer>
    <platform>all</platform>
    <license>GNU GENERAL PUBLIC LICENSE. Version 2, June 1991</license>
    <website></website>
    <email></email>
    <source>https://github.com/xngsrs/myhobby</source> 
    <news>Disable cert verify</news>
  </extension>
</addon>
