<?xml version="1.0" encoding="UTF-8" standalone="yes"?>
<addon id="plugin.video.cinepub"
       name="cinepub.ro"
       version="0.1.5"
       provider-name="strainu">
    <requires>
        <import addon="xbmc.python" version="2.20.0"/>
        <import addon="script.module.urlresolver" version="3.0.0"/>
    </requires>
    <extension point="xbmc.python.pluginsource" library="default.py"><provides>video</provides></extension>
    <extension point="xbmc.addon.metadata">
	<provides>video</provides>
        <platform>all</platform>
	<website>https://github.com/strainu/cinepub-kodi</website>
        <license>MIT License</license>
        <summary lang="en_us">Stream videos from www.cinepub.ro</summary>
        <summary lang="ro_ro">Vezi filme de pe www.cinepub.ro</summary>
        <description lang="en_us">Stream Romanian movies from [COLOR blue]www.cinepub.ro[/COLOR]</description>
        <description lang="ro_ro">Vezi filme românești de pe [COLOR blue]www.cinepub.ro[/COLOR]</description>
	<language>ro</language>
	<forum></forum>
	<source>https://github.com/strainu/cinepub-kodi</source>
	<email></email>
	<disclaimer lang="en_us">Use at your own risk</disclaimer>
    </extension>
</addon>
