<?xml version="1.0" encoding="UTF-8" standalone="yes"?>
<addon id="plugin.video.romanianpack"
       name="Movies RO Sites Pack"
       version="1.0.6"
       provider-name="Sarsailă">
  <requires>
    <import addon="xbmc.python" version="2.1.0"/>
    <import addon="script.module.urlresolver" version="3.0.0"/>
  </requires>
  <extension point="xbmc.python.pluginsource"
            library="default.py">
        <provides>video</provides>
  </extension>
  <extension point="xbmc.addon.metadata">
    <summary>Site-uri cu filme subtitrate in limba romana</summary>
    <description>Colectie de site-uri cu filme si seriale traduse in limba romana</description>
    <platform>all</platform>
  </extension>
</addon>
