<?xml version="1.0" encoding="UTF-8" standalone="yes"?>
<addon id="plugin.video.desene3dcom"
       name="Desene3d.com"
       version="1.1.3"
       provider-name="Sarsailă">
  <requires>
    <import addon="xbmc.python" version="2.1.0"/>
    <import addon="script.module.urlresolver" version="3.0.0"/>
  </requires>
  <extension point="xbmc.python.pluginsource"
            library="default.py">
        <provides>video</provides>
  </extension>
  <extension point="xbmc.addon.metadata">
    <summary>continut video Deseneanimate3D.com</summary>
    <description>vizioneaza filme, seriale, emisiuni tv si altele, subtitrate sau dublate in limba romana</description>
    <platform>all</platform>
    <news>fix links</news>
  </extension>
</addon>
